id,draw_id,draw_code,draw_date,draw_date_format,ball_1,ball_2,ball_3,ball_4,ball_5,ball_6,balls,winner_prize,number_of_winners
1,624,#00624,12/08/2020,2020-08-12 00:00:00.000000,07,21,34,38,43,44,07 21 34 38 43 44,14457721000,0
2,623,#00623,09/08/2020,2020-08-09 00:00:00.000000,11,13,14,43,44,45,11 13 14 43 44 45,13221947500,0
3,622,#00622,07/08/2020,2020-08-07 00:00:00.000000,17,26,35,40,43,44,17 26 35 40 43 44,70360287500,1
4,621,#00621,05/08/2020,2020-08-05 00:00:00.000000,14,18,19,32,33,38,14 18 19 32 33 38,65070796000,0
5,620,#00620,02/08/2020,2020-08-02 00:00:00.000000,06,09,12,17,41,42,06 09 12 17 41 42,60108410500,0
6,619,#00619,31/07/2020,2020-07-31 00:00:00.000000,04,09,19,29,36,41,04 09 19 29 36 41,55804881000,0
7,618,#00618,29/07/2020,2020-07-29 00:00:00.000000,06,14,26,41,42,43,06 14 26 41 42 43,51471624500,0
8,617,#00617,26/07/2020,2020-07-26 00:00:00.000000,05,15,21,39,43,45,05 15 21 39 43 45,47551547500,0
9,616,#00616,24/07/2020,2020-07-24 00:00:00.000000,04,25,31,35,39,41,04 25 31 35 39 41,44043448000,0
10,615,#00615,22/07/2020,2020-07-22 00:00:00.000000,09,13,18,24,26,42,09 13 18 24 26 42,40417844000,0
11,614,#00614,19/07/2020,2020-07-19 00:00:00.000000,01,13,14,19,42,45,01 13 14 19 42 45,36823607000,0
12,613,#00613,17/07/2020,2020-07-17 00:00:00.000000,04,10,18,20,32,45,04 10 18 20 32 45,33354961500,0
13,612,#00612,15/07/2020,2020-07-15 00:00:00.000000,10,11,18,19,20,45,10 11 18 19 20 45,30337936500,0
14,611,#00611,12/07/2020,2020-07-12 00:00:00.000000,02,15,21,27,31,35,02 15 21 27 31 35,27309454000,0
15,610,#00610,10/07/2020,2020-07-10 00:00:00.000000,18,20,22,33,35,39,18 20 22 33 35 39,24662886500,0
16,609,#00609,08/07/2020,2020-07-08 00:00:00.000000,14,15,17,21,31,38,14 15 17 21 31 38,23096788500,0
17,608,#00608,05/07/2020,2020-07-05 00:00:00.000000,05,08,10,17,22,31,05 08 10 17 22 31,21412184000,0
18,607,#00607,03/07/2020,2020-07-03 00:00:00.000000,04,05,17,18,22,36,04 05 17 18 22 36,19920010500,0
19,606,#00606,01/07/2020,2020-07-01 00:00:00.000000,10,13,14,26,32,33,10 13 14 26 32 33,18717334500,0
20,605,#00605,28/06/2020,2020-06-28 00:00:00.000000,04,15,24,36,37,41,04 15 24 36 37 41,17173729000,0
21,604,#00604,26/06/2020,2020-06-26 00:00:00.000000,09,23,27,30,38,41,09 23 27 30 38 41,15917912500,0
22,603,#00603,24/06/2020,2020-06-24 00:00:00.000000,07,17,18,32,39,40,07 17 18 32 39 40,14614719000,0
23,602,#00602,21/06/2020,2020-06-21 00:00:00.000000,07,09,13,33,40,44,07 09 13 33 40 44,13220130500,0
24,601,#00601,19/06/2020,2020-06-19 00:00:00.000000,04,12,17,19,32,45,04 12 17 19 32 45,91368222000,2
25,600,#00600,17/06/2020,2020-06-17 00:00:00.000000,07,16,28,33,34,45,07 16 28 33 34 45,84946818500,0
26,599,#00599,14/06/2020,2020-06-14 00:00:00.000000,19,22,24,41,44,45,19 22 24 41 44 45,78571404000,0
27,598,#00598,12/06/2020,2020-06-12 00:00:00.000000,05,16,22,27,30,31,05 16 22 27 30 31,73475094000,0
28,597,#00597,10/06/2020,2020-06-10 00:00:00.000000,02,11,23,25,26,35,02 11 23 25 26 35,68049543000,0
29,596,#00596,07/06/2020,2020-06-07 00:00:00.000000,06,07,11,16,23,44,06 07 11 16 23 44,62815156500,0
30,595,#00595,05/06/2020,2020-06-05 00:00:00.000000,10,13,22,28,38,43,10 13 22 28 38 43,58798582000,0
31,594,#00594,03/06/2020,2020-06-03 00:00:00.000000,01,15,17,19,40,43,01 15 17 19 40 43,54279268000,0
32,593,#00593,31/05/2020,2020-05-31 00:00:00.000000,01,06,13,27,35,40,01 06 13 27 35 40,49640083000,0
33,592,#00592,29/05/2020,2020-05-29 00:00:00.000000,04,10,23,26,35,37,04 10 23 26 35 37,45537563500,0
34,591,#00591,27/05/2020,2020-05-27 00:00:00.000000,06,15,29,30,37,42,06 15 29 30 37 42,41676491500,0
35,590,#00590,24/05/2020,2020-05-24 00:00:00.000000,01,29,30,32,34,35,01 29 30 32 34 35,37678580500,0
36,589,#00589,22/05/2020,2020-05-22 00:00:00.000000,03,08,19,28,35,41,03 08 19 28 35 41,33938516000,0
37,588,#00588,20/05/2020,2020-05-20 00:00:00.000000,01,08,15,23,25,39,01 08 15 23 25 39,32194354500,0
38,587,#00587,17/05/2020,2020-05-17 00:00:00.000000,02,04,21,30,33,37,02 04 21 30 33 37,30660959000,0
39,586,#00586,15/05/2020,2020-05-15 00:00:00.000000,03,12,13,28,33,36,03 12 13 28 33 36,28926318500,0
40,585,#00585,13/05/2020,2020-05-13 00:00:00.000000,06,20,21,35,40,45,06 20 21 35 40 45,27388276500,0
41,584,#00584,10/05/2020,2020-05-10 00:00:00.000000,07,09,23,32,33,37,07 09 23 32 33 37,25796746500,0
42,583,#00583,08/05/2020,2020-05-08 00:00:00.000000,01,03,07,12,22,25,01 03 07 12 22 25,24151984500,0
43,582,#00582,06/05/2020,2020-05-06 00:00:00.000000,03,18,25,29,30,44,03 18 25 29 30 44,22721676000,0
44,581,#00581,03/05/2020,2020-05-03 00:00:00.000000,05,18,29,32,38,44,05 18 29 32 38 44,21141122000,0
45,580,#00580,01/05/2020,2020-05-01 00:00:00.000000,06,07,16,37,40,44,06 07 16 37 40 44,19664130500,0
46,579,#00579,29/04/2020,2020-04-29 00:00:00.000000,01,08,11,13,15,32,01 08 11 13 15 32,18366851000,0
47,578,#00578,26/04/2020,2020-04-26 00:00:00.000000,05,25,30,36,37,41,05 25 30 36 37 41,16901292000,0
48,577,#00577,24/04/2020,2020-04-24 00:00:00.000000,10,31,37,39,40,43,10 31 37 39 40 43,15554413500,0
49,576,#00576,29/03/2020,2020-03-29 00:00:00.000000,07,10,23,36,39,44,07 10 23 36 39 44,14287347500,0
50,575,#00575,27/03/2020,2020-03-27 00:00:00.000000,01,06,10,35,36,45,01 06 10 35 36 45,13089171500,0
51,574,#00574,25/03/2020,2020-03-25 00:00:00.000000,26,31,33,37,38,45,26 31 33 37 38 45,15800249000,1
52,573,#00573,22/03/2020,2020-03-22 00:00:00.000000,02,10,19,22,24,29,02 10 19 22 24 29,14394846500,0
53,572,#00572,20/03/2020,2020-03-20 00:00:00.000000,08,23,29,37,39,44,08 23 29 37 39 44,13176623000,0
54,571,#00571,18/03/2020,2020-03-18 00:00:00.000000,06,21,30,37,38,45,06 21 30 37 38 45,62684211000,1
55,570,#00570,15/03/2020,2020-03-15 00:00:00.000000,04,07,11,17,19,31,04 07 11 17 19 31,57959783500,0
56,569,#00569,13/03/2020,2020-03-13 00:00:00.000000,08,13,20,28,35,45,08 13 20 28 35 45,53983116000,0
57,568,#00568,11/03/2020,2020-03-11 00:00:00.000000,12,16,29,35,37,44,12 16 29 35 37 44,50186438500,0
58,567,#00567,08/03/2020,2020-03-08 00:00:00.000000,03,13,17,19,21,43,03 13 17 19 21 43,46265120000,0
59,566,#00566,06/03/2020,2020-03-06 00:00:00.000000,06,09,10,16,26,42,06 09 10 16 26 42,42660497500,0
60,565,#00565,04/03/2020,2020-03-04 00:00:00.000000,01,07,17,24,35,41,01 07 17 24 35 41,39345173500,0
61,564,#00564,01/03/2020,2020-03-01 00:00:00.000000,01,06,07,13,26,39,01 06 07 13 26 39,36055064000,0
62,563,#00563,28/02/2020,2020-02-28 00:00:00.000000,02,19,23,27,29,38,02 19 23 27 29 38,32941839000,0
63,562,#00562,26/02/2020,2020-02-26 00:00:00.000000,02,10,12,20,24,39,02 10 12 20 24 39,29761306500,0
64,561,#00561,23/02/2020,2020-02-23 00:00:00.000000,01,06,16,23,34,42,01 06 16 23 34 42,26980902000,0
65,560,#00560,21/02/2020,2020-02-21 00:00:00.000000,13,15,22,28,29,41,13 15 22 28 29 41,24507303500,0
66,559,#00559,19/02/2020,2020-02-19 00:00:00.000000,01,16,23,25,30,38,01 16 23 25 30 38,22971905500,0
67,558,#00558,16/02/2020,2020-02-16 00:00:00.000000,01,04,14,36,37,41,01 04 14 36 37 41,21451490000,0
68,557,#00557,14/02/2020,2020-02-14 00:00:00.000000,04,14,24,32,36,43,04 14 24 32 36 43,19896006000,0
69,556,#00556,12/02/2020,2020-02-12 00:00:00.000000,05,13,16,20,24,35,05 13 16 20 24 35,18686469000,0
70,555,#00555,09/02/2020,2020-02-09 00:00:00.000000,01,04,18,22,26,35,01 04 18 22 26 35,17272512500,0
71,554,#00554,07/02/2020,2020-02-07 00:00:00.000000,06,11,15,33,40,44,06 11 15 33 40 44,15894979500,0
72,553,#00553,05/02/2020,2020-02-05 00:00:00.000000,09,19,24,37,38,45,09 19 24 37 38 45,14716702500,0
73,552,#00552,02/02/2020,2020-02-02 00:00:00.000000,01,04,16,32,35,38,01 04 16 32 35 38,13410590500,0
74,551,#00551,31/01/2020,2020-01-31 00:00:00.000000,08,09,20,25,30,40,08 09 20 25 30 40,39393760000,1
75,550,#00550,29/01/2020,2020-01-29 00:00:00.000000,03,10,16,24,39,44,03 10 16 24 39 44,35767812500,0
76,549,#00549,26/01/2020,2020-01-26 00:00:00.000000,04,05,09,25,33,37,04 05 09 25 33 37,32663745000,0
77,548,#00548,22/01/2020,2020-01-22 00:00:00.000000,01,15,16,34,36,42,01 15 16 34 36 42,29298454500,0
78,547,#00547,19/01/2020,2020-01-19 00:00:00.000000,01,04,19,25,35,39,01 04 19 25 35 39,25510108000,0
79,546,#00546,17/01/2020,2020-01-17 00:00:00.000000,08,26,28,37,40,42,08 26 28 37 40 42,23200768000,0
80,545,#00545,15/01/2020,2020-01-15 00:00:00.000000,02,08,19,31,38,44,02 08 19 31 38 44,21510758000,0
81,544,#00544,12/01/2020,2020-01-12 00:00:00.000000,07,12,17,21,35,45,07 12 17 21 35 45,19872112500,0
82,543,#00543,10/01/2020,2020-01-10 00:00:00.000000,10,18,24,35,41,43,10 18 24 35 41 43,18509904500,0
83,542,#00542,08/01/2020,2020-01-08 00:00:00.000000,02,04,10,21,25,43,02 04 10 21 25 43,17008985000,0
84,541,#00541,05/01/2020,2020-01-05 00:00:00.000000,05,11,12,26,44,45,05 11 12 26 44 45,15550849500,0
85,540,#00540,03/01/2020,2020-01-03 00:00:00.000000,01,15,17,26,32,44,01 15 17 26 32 44,14655615000,0
86,539,#00539,01/01/2020,2020-01-01 00:00:00.000000,08,10,23,26,37,38,08 10 23 26 37 38,13312067500,0
87,538,#00538,29/12/2019,2019-12-29 00:00:00.000000,07,12,21,24,35,43,07 12 21 24 35 43,57045118500,1
88,537,#00537,27/12/2019,2019-12-27 00:00:00.000000,02,07,10,12,33,43,02 07 10 12 33 43,52865508000,0
89,536,#00536,25/12/2019,2019-12-25 00:00:00.000000,10,18,25,26,36,43,10 18 25 26 36 43,48452999500,0
90,535,#00535,22/12/2019,2019-12-22 00:00:00.000000,09,10,11,18,22,36,09 10 11 18 22 36,44243846500,0
91,534,#00534,20/12/2019,2019-12-20 00:00:00.000000,01,09,16,27,38,45,01 09 16 27 38 45,40443194000,0
92,533,#00533,18/12/2019,2019-12-18 00:00:00.000000,08,09,12,19,22,25,08 09 12 19 22 25,37173295000,0
93,532,#00532,15/12/2019,2019-12-15 00:00:00.000000,03,13,15,16,22,36,03 13 15 16 22 36,35603542000,0
94,531,#00531,13/12/2019,2019-12-13 00:00:00.000000,02,08,09,25,26,40,02 08 09 25 26 40,33790460500,0
95,530,#00530,11/12/2019,2019-12-11 00:00:00.000000,01,02,08,27,29,39,01 02 08 27 29 39,32090856500,0
96,529,#00529,08/12/2019,2019-12-08 00:00:00.000000,12,20,30,31,34,44,12 20 30 31 34 44,30329123500,0
97,528,#00528,06/12/2019,2019-12-06 00:00:00.000000,02,20,26,35,43,45,02 20 26 35 43 45,28546624000,0
98,527,#00527,04/12/2019,2019-12-04 00:00:00.000000,16,19,24,30,32,35,16 19 24 30 32 35,26950480500,0
99,526,#00526,01/12/2019,2019-12-01 00:00:00.000000,03,14,16,27,31,35,03 14 16 27 31 35,25377089500,0
100,525,#00525,29/11/2019,2019-11-29 00:00:00.000000,14,15,16,17,19,34,14 15 16 17 19 34,23737598500,0
101,524,#00524,27/11/2019,2019-11-27 00:00:00.000000,03,05,13,19,20,33,03 05 13 19 20 33,22213329000,0
102,523,#00523,24/11/2019,2019-11-24 00:00:00.000000,05,21,24,28,29,34,05 21 24 28 29 34,20885667500,0
103,522,#00522,22/11/2019,2019-11-22 00:00:00.000000,01,09,10,19,30,38,01 09 10 19 30 38,19423681500,0
104,521,#00521,20/11/2019,2019-11-20 00:00:00.000000,10,21,22,24,43,44,10 21 22 24 43 44,18300224000,0
105,520,#00520,17/11/2019,2019-11-17 00:00:00.000000,06,07,14,31,39,44,06 07 14 31 39 44,16908131500,0
106,519,#00519,15/11/2019,2019-11-15 00:00:00.000000,02,13,27,33,40,41,02 13 27 33 40 41,15604919500,0
107,518,#00518,13/11/2019,2019-11-13 00:00:00.000000,17,19,24,30,31,40,17 19 24 30 31 40,14424595500,0
108,517,#00517,10/11/2019,2019-11-10 00:00:00.000000,04,14,21,28,32,36,04 14 21 28 32 36,13211095000,0
109,516,#00516,08/11/2019,2019-11-08 00:00:00.000000,04,16,19,30,32,44,04 16 19 30 32 44,13105822000,1
110,515,#00515,06/11/2019,2019-11-06 00:00:00.000000,03,15,22,23,38,43,03 15 22 23 38 43,25973365000,1
111,514,#00514,03/11/2019,2019-11-03 00:00:00.000000,28,30,32,38,44,45,28 30 32 38 44 45,24662089000,0
112,513,#00513,01/11/2019,2019-11-01 00:00:00.000000,06,11,20,30,37,40,06 11 20 30 37 40,23289402000,0
113,512,#00512,30/10/2019,2019-10-30 00:00:00.000000,02,05,08,12,29,38,02 05 08 12 29 38,21917627500,0
114,511,#00511,27/10/2019,2019-10-27 00:00:00.000000,01,19,29,30,40,42,01 19 29 30 40 42,20715497000,0
115,510,#00510,25/10/2019,2019-10-25 00:00:00.000000,04,07,09,22,32,37,04 07 09 22 32 37,19294833000,0
116,509,#00509,23/10/2019,2019-10-23 00:00:00.000000,02,09,21,23,32,41,02 09 21 23 32 41,18002864000,0
117,508,#00508,20/10/2019,2019-10-20 00:00:00.000000,01,03,08,15,38,40,01 03 08 15 38 40,16793980000,0
118,507,#00507,18/10/2019,2019-10-18 00:00:00.000000,04,14,15,22,28,39,04 14 15 22 28 39,15557260500,0
119,506,#00506,16/10/2019,2019-10-16 00:00:00.000000,01,04,23,28,41,42,01 04 23 28 41 42,14327867000,0
120,505,#00505,13/10/2019,2019-10-13 00:00:00.000000,06,22,28,31,37,40,06 22 28 31 37 40,13134526000,0
121,504,#00504,11/10/2019,2019-10-11 00:00:00.000000,06,12,14,27,28,36,06 12 14 27 28 36,22740613000,1
122,503,#00503,09/10/2019,2019-10-09 00:00:00.000000,03,12,21,24,28,32,03 12 21 24 28 32,21389955500,0
123,502,#00502,06/10/2019,2019-10-06 00:00:00.000000,01,06,17,30,44,45,01 06 17 30 44 45,20224441000,0
124,501,#00501,04/10/2019,2019-10-04 00:00:00.000000,02,09,24,25,30,36,02 09 24 25 30 36,18949662000,0
125,500,#00500,02/10/2019,2019-10-02 00:00:00.000000,02,06,07,25,28,41,02 06 07 25 28 41,17753510000,0
126,499,#00499,29/09/2019,2019-09-29 00:00:00.000000,02,09,12,18,21,23,02 09 12 18 21 23,16530261500,0
127,498,#00498,27/09/2019,2019-09-27 00:00:00.000000,06,09,11,28,37,44,06 09 11 28 37 44,15393271500,0
128,497,#00497,25/09/2019,2019-09-25 00:00:00.000000,09,14,22,26,44,45,09 14 22 26 44 45,14415927500,0
129,496,#00496,22/09/2019,2019-09-22 00:00:00.000000,03,06,21,36,38,39,03 06 21 36 38 39,13255293000,0
130,495,#00495,20/09/2019,2019-09-20 00:00:00.000000,07,12,24,29,31,45,07 12 24 29 31 45,198906009000,2
131,494,#00494,18/09/2019,2019-09-18 00:00:00.000000,03,09,13,17,19,20,03 09 13 17 19 20,94535082000,0
132,493,#00493,15/09/2019,2019-09-15 00:00:00.000000,08,09,28,33,35,43,08 09 28 33 35 43,89344198000,0
133,492,#00492,13/09/2019,2019-09-13 00:00:00.000000,02,15,17,25,30,38,02 15 17 25 30 38,84031956000,0
134,491,#00491,11/09/2019,2019-09-11 00:00:00.000000,21,25,29,32,34,35,21 25 29 32 34 35,78841975000,0
135,490,#00490,08/09/2019,2019-09-08 00:00:00.000000,06,09,11,26,28,36,06 09 11 26 28 36,73447486500,0
136,489,#00489,06/09/2019,2019-09-06 00:00:00.000000,02,04,13,15,26,31,02 04 13 15 26 31,69609684500,0
137,488,#00488,04/09/2019,2019-09-04 00:00:00.000000,01,09,11,23,30,37,01 09 11 23 30 37,65623409000,0
138,487,#00487,01/09/2019,2019-09-01 00:00:00.000000,05,07,14,16,29,40,05 07 14 16 29 40,61531051000,0
139,486,#00486,30/08/2019,2019-08-30 00:00:00.000000,05,06,22,23,25,44,05 06 22 23 25 44,57561110500,0
140,485,#00485,28/08/2019,2019-08-28 00:00:00.000000,01,04,12,14,19,30,01 04 12 14 19 30,53879797500,0
141,484,#00484,25/08/2019,2019-08-25 00:00:00.000000,07,08,15,20,24,31,07 08 15 20 24 31,50256177000,0
142,483,#00483,23/08/2019,2019-08-23 00:00:00.000000,06,07,12,17,19,24,06 07 12 17 19 24,46911829000,0
143,482,#00482,21/08/2019,2019-08-21 00:00:00.000000,06,08,17,20,21,31,06 08 17 20 21 31,43784877000,0
144,481,#00481,18/08/2019,2019-08-18 00:00:00.000000,02,07,18,21,24,33,02 07 18 21 24 33,40626087000,0
145,480,#00480,16/08/2019,2019-08-16 00:00:00.000000,06,14,15,19,31,39,06 14 15 19 31 39,37492523500,0
146,479,#00479,14/08/2019,2019-08-14 00:00:00.000000,13,20,22,24,33,34,13 20 22 24 33 34,34518894000,0
147,478,#00478,11/08/2019,2019-08-11 00:00:00.000000,01,04,07,09,25,31,01 04 07 09 25 31,31428258500,0
148,477,#00477,09/08/2019,2019-08-09 00:00:00.000000,11,19,26,28,30,42,11 19 26 28 30 42,28478574500,0
149,476,#00476,07/08/2019,2019-08-07 00:00:00.000000,01,05,13,31,32,43,01 05 13 31 32 43,26578394000,0
150,475,#00475,04/08/2019,2019-08-04 00:00:00.000000,06,10,21,30,43,45,06 10 21 30 43 45,25016702000,0
151,474,#00474,02/08/2019,2019-08-02 00:00:00.000000,11,18,20,22,25,26,11 18 20 22 25 26,23471032000,0
152,473,#00473,31/07/2019,2019-07-31 00:00:00.000000,06,12,15,19,25,45,06 12 15 19 25 45,22199548000,0
153,472,#00472,28/07/2019,2019-07-28 00:00:00.000000,05,14,16,24,42,43,05 14 16 24 42 43,21025187500,0
154,471,#00471,26/07/2019,2019-07-26 00:00:00.000000,05,14,16,22,25,33,05 14 16 22 25 33,19673771500,0
155,470,#00470,24/07/2019,2019-07-24 00:00:00.000000,20,22,25,39,44,45,20 22 25 39 44 45,18405343500,0
156,469,#00469,21/07/2019,2019-07-21 00:00:00.000000,07,08,10,24,33,44,07 08 10 24 33 44,17128970000,0
157,468,#00468,19/07/2019,2019-07-19 00:00:00.000000,09,12,23,26,28,43,09 12 23 26 28 43,16041728500,0
158,467,#00467,17/07/2019,2019-07-17 00:00:00.000000,10,11,16,22,28,35,10 11 16 22 28 35,15023456000,0
159,466,#00466,14/07/2019,2019-07-14 00:00:00.000000,02,03,07,25,33,34,02 03 07 25 33 34,14014911500,0
160,465,#00465,12/07/2019,2019-07-12 00:00:00.000000,16,18,24,26,40,44,16 18 24 26 40 44,12982557500,0
161,464,#00464,10/07/2019,2019-07-10 00:00:00.000000,01,02,06,07,16,27,01 02 06 07 16 27,29119908000,1
162,463,#00463,07/07/2019,2019-07-07 00:00:00.000000,02,18,21,23,30,31,02 18 21 23 30 31,27560799500,0
163,462,#00462,05/07/2019,2019-07-05 00:00:00.000000,19,21,30,31,37,43,19 21 30 31 37 43,25923998500,0
164,461,#00461,03/07/2019,2019-07-03 00:00:00.000000,02,07,25,29,39,45,02 07 25 29 39 45,24476352500,0
165,460,#00460,30/06/2019,2019-06-30 00:00:00.000000,05,20,22,25,28,32,05 20 22 25 28 32,23161203000,0
166,459,#00459,28/06/2019,2019-06-28 00:00:00.000000,11,25,37,40,41,45,11 25 37 40 41 45,21710623500,0
167,458,#00458,26/06/2019,2019-06-26 00:00:00.000000,01,05,09,10,33,41,01 05 09 10 33 41,20418360500,0
168,457,#00457,23/06/2019,2019-06-23 00:00:00.000000,03,08,11,27,32,36,03 08 11 27 32 36,19041263000,0
169,456,#00456,21/06/2019,2019-06-21 00:00:00.000000,01,04,19,21,23,39,01 04 19 21 23 39,17771417500,0
170,455,#00455,19/06/2019,2019-06-19 00:00:00.000000,02,04,11,15,35,40,02 04 11 15 35 40,16557487500,0
171,454,#00454,16/06/2019,2019-06-16 00:00:00.000000,06,07,19,29,31,36,06 07 19 29 31 36,15332578500,0
172,453,#00453,14/06/2019,2019-06-14 00:00:00.000000,02,12,16,36,37,45,02 12 16 36 37 45,14177934500,0
173,452,#00452,12/06/2019,2019-06-12 00:00:00.000000,10,11,21,23,26,37,10 11 21 23 26 37,13115937000,0
174,451,#00451,09/06/2019,2019-06-09 00:00:00.000000,02,06,22,25,35,36,02 06 22 25 35 36,34381055000,1
175,450,#00450,07/06/2019,2019-06-07 00:00:00.000000,11,13,15,26,27,41,11 13 15 26 27 41,32742356500,0
176,449,#00449,05/06/2019,2019-06-05 00:00:00.000000,04,08,22,25,37,39,04 08 22 25 37 39,31263883000,0
177,448,#00448,02/06/2019,2019-06-02 00:00:00.000000,02,05,12,35,41,43,02 05 12 35 41 43,29782077000,0
178,447,#00447,31/05/2019,2019-05-31 00:00:00.000000,05,06,07,12,23,30,05 06 07 12 23 30,28327703000,0
179,446,#00446,29/05/2019,2019-05-29 00:00:00.000000,12,18,19,27,35,42,12 18 19 27 35 42,26999524500,0
180,445,#00445,26/05/2019,2019-05-26 00:00:00.000000,11,12,14,23,29,32,11 12 14 23 29 32,25583062000,0
181,444,#00444,24/05/2019,2019-05-24 00:00:00.000000,02,03,31,33,35,40,02 03 31 33 35 40,24272614500,0
182,443,#00443,22/05/2019,2019-05-22 00:00:00.000000,01,13,16,22,23,35,01 13 16 22 23 35,22677291500,0
183,442,#00442,19/05/2019,2019-05-19 00:00:00.000000,02,11,19,27,30,42,02 11 19 27 30 42,21220151500,0
184,441,#00441,17/05/2019,2019-05-17 00:00:00.000000,06,16,18,29,39,43,06 16 18 29 39 43,19892566500,0
185,440,#00440,15/05/2019,2019-05-15 00:00:00.000000,17,28,29,33,34,35,17 28 29 33 34 35,18642166500,0
186,439,#00439,12/05/2019,2019-05-12 00:00:00.000000,01,08,13,17,21,43,01 08 13 17 21 43,17230884500,0
187,438,#00438,10/05/2019,2019-05-10 00:00:00.000000,05,23,25,30,35,38,05 23 25 30 35 38,15860858500,0
188,437,#00437,08/05/2019,2019-05-08 00:00:00.000000,01,07,08,31,34,45,01 07 08 31 34 45,14557802000,0
189,436,#00436,05/05/2019,2019-05-05 00:00:00.000000,13,27,30,38,39,41,13 27 30 38 39 41,13321559500,0
190,435,#00435,03/05/2019,2019-05-03 00:00:00.000000,01,06,14,31,35,44,01 06 14 31 35 44,20603254000,1
191,434,#00434,01/05/2019,2019-05-01 00:00:00.000000,18,23,24,27,33,41,18 23 24 27 33 41,19167212000,0
192,433,#00433,28/04/2019,2019-04-28 00:00:00.000000,04,24,28,30,33,43,04 24 28 30 33 43,17974733000,0
193,432,#00432,26/04/2019,2019-04-26 00:00:00.000000,01,02,14,15,16,30,01 02 14 15 16 30,16734191500,0
194,431,#00431,24/04/2019,2019-04-24 00:00:00.000000,04,07,12,13,20,45,04 07 12 13 20 45,15460909500,0
195,430,#00430,21/04/2019,2019-04-21 00:00:00.000000,08,11,13,20,41,43,08 11 13 20 41 43,14253836000,0
196,429,#00429,19/04/2019,2019-04-19 00:00:00.000000,01,04,05,12,17,21,01 04 05 12 17 21,13042826000,0
197,428,#00428,17/04/2019,2019-04-17 00:00:00.000000,07,11,21,25,30,44,07 11 21 25 30 44,13225173500,1
198,427,#00427,14/04/2019,2019-04-14 00:00:00.000000,04,13,20,34,35,37,04 13 20 34 35 37,44071252500,1
199,426,#00426,12/04/2019,2019-04-12 00:00:00.000000,03,12,15,16,17,44,03 12 15 16 17 44,40141316500,0
200,425,#00425,10/04/2019,2019-04-10 00:00:00.000000,07,11,14,30,35,42,07 11 14 30 35 42,36441477000,0
201,424,#00424,07/04/2019,2019-04-07 00:00:00.000000,08,10,26,28,32,34,08 10 26 28 32 34,32688405500,0
202,423,#00423,05/04/2019,2019-04-05 00:00:00.000000,02,07,25,36,38,43,02 07 25 36 38 43,29177213000,0
203,422,#00422,03/04/2019,2019-04-03 00:00:00.000000,04,11,18,33,34,45,04 11 18 33 34 45,26129369500,0
204,421,#00421,31/03/2019,2019-03-31 00:00:00.000000,03,05,19,28,31,38,03 05 19 28 31 38,24437276000,0
205,420,#00420,29/03/2019,2019-03-29 00:00:00.000000,02,19,26,27,30,37,02 19 26 27 30 37,22765342000,0
206,419,#00419,27/03/2019,2019-03-27 00:00:00.000000,09,12,22,24,30,42,09 12 22 24 30 42,21055913000,0
207,418,#00418,24/03/2019,2019-03-24 00:00:00.000000,05,17,21,27,34,40,05 17 21 27 34 40,19595469000,0
208,417,#00417,22/03/2019,2019-03-22 00:00:00.000000,01,03,06,13,18,41,01 03 06 13 18 41,18010166000,0
209,416,#00416,20/03/2019,2019-03-20 00:00:00.000000,02,07,17,24,29,37,02 07 17 24 29 37,16559719000,0
210,415,#00415,17/03/2019,2019-03-17 00:00:00.000000,05,06,16,18,24,42,05 06 16 18 24 42,15253753500,0
211,414,#00414,15/03/2019,2019-03-15 00:00:00.000000,05,10,15,19,38,42,05 10 15 19 38 42,14180566000,0
212,413,#00413,13/03/2019,2019-03-13 00:00:00.000000,05,16,24,26,34,44,05 16 24 26 34 44,13014844500,0
213,412,#00412,10/03/2019,2019-03-10 00:00:00.000000,05,24,31,32,42,45,05 24 31 32 42 45,24935729000,1
214,411,#00411,08/03/2019,2019-03-08 00:00:00.000000,04,14,20,27,32,43,04 14 20 27 32 43,23311659500,0
215,410,#00410,06/03/2019,2019-03-06 00:00:00.000000,02,07,14,24,40,41,02 07 14 24 40 41,21651509000,0
216,409,#00409,03/03/2019,2019-03-03 00:00:00.000000,01,13,17,20,30,45,01 13 17 20 30 45,20020723000,0
217,408,#00408,01/03/2019,2019-03-01 00:00:00.000000,15,23,29,31,38,43,15 23 29 31 38 43,18395685000,0
218,407,#00407,27/02/2019,2019-02-27 00:00:00.000000,05,12,15,16,25,35,05 12 15 16 25 35,16899838500,0
219,406,#00406,24/02/2019,2019-02-24 00:00:00.000000,01,07,13,23,32,42,01 07 13 23 32 42,15777343000,0
220,405,#00405,22/02/2019,2019-02-22 00:00:00.000000,07,10,18,25,44,45,07 10 18 25 44 45,14477636500,0
221,404,#00404,20/02/2019,2019-02-20 00:00:00.000000,01,10,15,24,37,45,01 10 15 24 37 45,13180421500,0
222,403,#00403,17/02/2019,2019-02-17 00:00:00.000000,11,12,14,25,29,31,11 12 14 25 29 31,21973928500,1
223,402,#00402,15/02/2019,2019-02-15 00:00:00.000000,03,22,26,27,30,44,03 22 26 27 30 44,20754252000,0
224,401,#00401,13/02/2019,2019-02-13 00:00:00.000000,05,11,18,33,37,41,05 11 18 33 37 41,19147983000,0
225,400,#00400,10/02/2019,2019-02-10 00:00:00.000000,01,11,17,25,29,35,01 11 17 25 29 35,17338772000,0
226,399,#00399,08/02/2019,2019-02-08 00:00:00.000000,11,12,33,36,39,43,11 12 33 36 39 43,15924776500,0
227,398,#00398,06/02/2019,2019-02-06 00:00:00.000000,22,24,25,30,33,38,22 24 25 30 33 38,14851632000,0
228,397,#00397,03/02/2019,2019-02-03 00:00:00.000000,01,02,05,09,23,24,01 02 05 09 23 24,13563140000,0
229,396,#00396,01/02/2019,2019-02-01 00:00:00.000000,03,04,06,38,39,43,03 04 06 38 39 43,226166988000,3
230,395,#00395,30/01/2019,2019-01-30 00:00:00.000000,01,04,06,13,37,41,01 04 06 13 37 41,70202846500,0
231,394,#00394,27/01/2019,2019-01-27 00:00:00.000000,09,11,12,22,27,29,09 11 12 22 27 29,64238800500,0
232,393,#00393,25/01/2019,2019-01-25 00:00:00.000000,11,13,14,22,30,38,11 13 14 22 30 38,59381811000,0
233,392,#00392,23/01/2019,2019-01-23 00:00:00.000000,02,09,13,29,33,40,02 09 13 29 33 40,54675909000,0
234,391,#00391,20/01/2019,2019-01-20 00:00:00.000000,08,16,21,31,35,38,08 16 21 31 35 38,49631995000,0
235,390,#00390,18/01/2019,2019-01-18 00:00:00.000000,12,15,19,38,40,45,12 15 19 38 40 45,45228539500,0
236,389,#00389,16/01/2019,2019-01-16 00:00:00.000000,01,08,14,24,31,40,01 08 14 24 31 40,41145812500,0
237,388,#00388,13/01/2019,2019-01-13 00:00:00.000000,01,20,21,23,26,33,01 20 21 23 26 33,37819245500,0
238,387,#00387,11/01/2019,2019-01-11 00:00:00.000000,19,21,22,23,25,44,19 21 22 23 25 44,35699076500,0
239,386,#00386,09/01/2019,2019-01-09 00:00:00.000000,17,27,28,30,33,41,17 27 28 30 33 41,33794171000,0
240,385,#00385,06/01/2019,2019-01-06 00:00:00.000000,09,22,33,34,35,44,09 22 33 34 35 44,31809761500,0
241,384,#00384,04/01/2019,2019-01-04 00:00:00.000000,01,08,14,16,19,22,01 08 14 16 19 22,29906609000,0
242,383,#00383,02/01/2019,2019-01-02 00:00:00.000000,04,14,32,35,36,40,04 14 32 35 36 40,28121934500,0
243,382,#00382,30/12/2018,2018-12-30 00:00:00.000000,10,19,31,35,42,44,10 19 31 35 42 44,26321218500,0
244,381,#00381,28/12/2018,2018-12-28 00:00:00.000000,03,22,24,25,31,37,03 22 24 25 31 37,24652572000,0
245,380,#00380,26/12/2018,2018-12-26 00:00:00.000000,21,28,34,35,41,44,21 28 34 35 41 44,23123394000,0
246,379,#00379,23/12/2018,2018-12-23 00:00:00.000000,01,03,10,11,16,44,01 03 10 11 16 44,21428428500,0
247,378,#00378,21/12/2018,2018-12-21 00:00:00.000000,01,07,16,27,29,34,01 07 16 27 29 34,19992770500,0
248,377,#00377,19/12/2018,2018-12-19 00:00:00.000000,02,10,11,32,40,44,02 10 11 32 40 44,18623341500,0
249,376,#00376,16/12/2018,2018-12-16 00:00:00.000000,01,14,22,26,35,42,01 14 22 26 35 42,17211916500,0
250,375,#00375,14/12/2018,2018-12-14 00:00:00.000000,07,16,20,26,30,34,07 16 20 26 30 34,15853774500,0
251,374,#00374,12/12/2018,2018-12-12 00:00:00.000000,01,03,11,15,27,30,01 03 11 15 27 30,14424640000,0
252,373,#00373,09/12/2018,2018-12-09 00:00:00.000000,06,08,26,34,40,41,06 08 26 34 40 41,13234739000,0
253,372,#00372,07/12/2018,2018-12-07 00:00:00.000000,01,06,07,22,31,39,01 06 07 22 31 39,13327206000,1
254,371,#00371,05/12/2018,2018-12-05 00:00:00.000000,07,28,29,39,42,45,07 28 29 39 42 45,22811729000,1
255,370,#00370,02/12/2018,2018-12-02 00:00:00.000000,02,04,12,23,37,45,02 04 12 23 37 45,21297938500,0
256,369,#00369,30/11/2018,2018-11-30 00:00:00.000000,11,18,23,25,28,35,11 18 23 25 28 35,19833902000,0
257,368,#00368,28/11/2018,2018-11-28 00:00:00.000000,08,13,20,21,25,28,08 13 20 21 25 28,18659638000,0
258,367,#00367,25/11/2018,2018-11-25 00:00:00.000000,03,05,11,18,24,29,03 05 11 18 24 29,17059686000,0
259,366,#00366,23/11/2018,2018-11-23 00:00:00.000000,08,10,12,21,25,40,08 10 12 21 25 40,16179431500,0
260,365,#00365,21/11/2018,2018-11-21 00:00:00.000000,07,09,16,19,24,33,07 09 16 19 24 33,14759709000,0
261,364,#00364,18/11/2018,2018-11-18 00:00:00.000000,06,27,28,30,37,44,06 27 28 30 37 44,13453897000,0
262,363,#00363,16/11/2018,2018-11-16 00:00:00.000000,04,12,18,21,25,41,04 12 18 21 25 41,52258801500,1
263,362,#00362,14/11/2018,2018-11-14 00:00:00.000000,12,14,24,26,30,40,12 14 24 26 30 40,48159309000,0
264,361,#00361,11/11/2018,2018-11-11 00:00:00.000000,20,23,26,27,32,34,20 23 26 27 32 34,43902022000,0
265,360,#00360,09/11/2018,2018-11-09 00:00:00.000000,06,18,28,32,34,35,06 18 28 32 34 35,39864238000,0
266,359,#00359,07/11/2018,2018-11-07 00:00:00.000000,06,18,22,25,31,37,06 18 22 25 31 37,36379047500,0
267,358,#00358,04/11/2018,2018-11-04 00:00:00.000000,07,12,13,17,25,30,07 12 13 17 25 30,32794682000,0
268,357,#00357,02/11/2018,2018-11-02 00:00:00.000000,04,06,11,18,24,25,04 06 11 18 24 25,29460748500,0
269,356,#00356,31/10/2018,2018-10-31 00:00:00.000000,17,22,26,30,33,35,17 22 26 30 33 35,26288813500,0
270,355,#00355,28/10/2018,2018-10-28 00:00:00.000000,09,18,19,20,31,45,09 18 19 20 31 45,23707191500,0
271,354,#00354,26/10/2018,2018-10-26 00:00:00.000000,02,18,31,33,36,41,02 18 31 33 36 41,22250368000,0
272,353,#00353,24/10/2018,2018-10-24 00:00:00.000000,06,26,34,35,39,42,06 26 34 35 39 42,20507870500,0
273,352,#00352,21/10/2018,2018-10-21 00:00:00.000000,06,22,24,28,30,37,06 22 24 28 30 37,18963930500,0
274,351,#00351,19/10/2018,2018-10-19 00:00:00.000000,02,14,30,38,39,45,02 14 30 38 39 45,17473946000,0
275,350,#00350,17/10/2018,2018-10-17 00:00:00.000000,01,12,14,36,39,43,01 12 14 36 39 43,15978847000,0
276,349,#00349,14/10/2018,2018-10-14 00:00:00.000000,07,08,09,34,40,43,07 08 09 34 40 43,14531727000,0
277,348,#00348,12/10/2018,2018-10-12 00:00:00.000000,11,12,20,26,28,42,11 12 20 26 28 42,13314551500,0
278,347,#00347,10/10/2018,2018-10-10 00:00:00.000000,18,19,22,28,41,42,18 19 22 28 41 42,66629405000,1
279,346,#00346,07/10/2018,2018-10-07 00:00:00.000000,14,18,31,34,39,44,14 18 31 34 39 44,61781541000,0
280,345,#00345,05/10/2018,2018-10-05 00:00:00.000000,04,12,17,29,35,44,04 12 17 29 35 44,57081586000,0
281,344,#00344,03/10/2018,2018-10-03 00:00:00.000000,06,12,19,21,25,45,06 12 19 21 25 45,52932632500,0
282,343,#00343,30/09/2018,2018-09-30 00:00:00.000000,01,20,24,36,43,45,01 20 24 36 43 45,48950540000,0
283,342,#00342,28/09/2018,2018-09-28 00:00:00.000000,02,06,11,13,15,38,02 06 11 13 15 38,44806838500,0
284,341,#00341,26/09/2018,2018-09-26 00:00:00.000000,12,19,27,39,42,45,12 19 27 39 42 45,40998275000,0
285,340,#00340,23/09/2018,2018-09-23 00:00:00.000000,18,27,32,35,41,44,18 27 32 35 41 44,38869967500,0
286,339,#00339,21/09/2018,2018-09-21 00:00:00.000000,01,03,11,14,23,29,01 03 11 14 23 29,36885341000,0
287,338,#00338,19/09/2018,2018-09-19 00:00:00.000000,10,20,22,24,27,42,10 20 22 24 27 42,34913441500,0
288,337,#00337,16/09/2018,2018-09-16 00:00:00.000000,03,13,17,18,23,34,03 13 17 18 23 34,33027155000,0
289,336,#00336,14/09/2018,2018-09-14 00:00:00.000000,12,16,17,18,26,34,12 16 17 18 26 34,31118111500,0
290,335,#00335,12/09/2018,2018-09-12 00:00:00.000000,11,12,13,16,29,31,11 12 13 16 29 31,29419428500,0
291,334,#00334,09/09/2018,2018-09-09 00:00:00.000000,08,14,18,21,44,45,08 14 18 21 44 45,27522500500,0
292,333,#00333,07/09/2018,2018-09-07 00:00:00.000000,08,10,11,28,42,45,08 10 11 28 42 45,25630550500,0
293,332,#00332,05/09/2018,2018-09-05 00:00:00.000000,05,06,22,27,34,37,05 06 22 27 34 37,24112702500,0
294,331,#00331,02/09/2018,2018-09-02 00:00:00.000000,10,12,13,22,26,40,10 12 13 22 26 40,22424074500,0
295,330,#00330,31/08/2018,2018-08-31 00:00:00.000000,11,19,30,36,38,40,11 19 30 36 38 40,20898326500,0
296,329,#00329,29/08/2018,2018-08-29 00:00:00.000000,16,17,24,28,30,36,16 17 24 28 30 36,19222545000,0
297,328,#00328,26/08/2018,2018-08-26 00:00:00.000000,01,03,11,12,22,36,01 03 11 12 22 36,17774665500,0
298,327,#00327,24/08/2018,2018-08-24 00:00:00.000000,03,22,25,29,33,40,03 22 25 29 33 40,16218356500,0
299,326,#00326,22/08/2018,2018-08-22 00:00:00.000000,15,17,18,33,34,44,15 17 18 33 34 44,14666550500,0
300,325,#00325,19/08/2018,2018-08-19 00:00:00.000000,16,18,28,36,37,45,16 18 28 36 37 45,13176212000,0
301,324,#00324,17/08/2018,2018-08-17 00:00:00.000000,03,08,22,28,33,42,03 08 22 28 33 42,16109307500,1
302,323,#00323,15/08/2018,2018-08-15 00:00:00.000000,12,24,25,33,40,44,12 24 25 33 40 44,14830706500,0
303,322,#00322,12/08/2018,2018-08-12 00:00:00.000000,05,16,17,28,31,38,05 16 17 28 31 38,13334071500,0
304,321,#00321,10/08/2018,2018-08-10 00:00:00.000000,18,22,24,29,41,45,18 22 24 29 41 45,31813307500,1
305,320,#00320,08/08/2018,2018-08-08 00:00:00.000000,19,34,37,39,41,44,19 34 37 39 41 44,29901465000,0
306,319,#00319,05/08/2018,2018-08-05 00:00:00.000000,07,10,18,31,39,43,07 10 18 31 39 43,27963487000,0
307,318,#00318,03/08/2018,2018-08-03 00:00:00.000000,03,08,10,24,27,28,03 08 10 24 27 28,26281515500,0
308,317,#00317,01/08/2018,2018-08-01 00:00:00.000000,05,06,29,30,37,38,05 06 29 30 37 38,24731858000,0
309,316,#00316,29/07/2018,2018-07-29 00:00:00.000000,26,31,32,37,43,45,26 31 32 37 43 45,22925351500,0
310,315,#00315,27/07/2018,2018-07-27 00:00:00.000000,02,21,32,37,38,42,02 21 32 37 38 42,21031963500,0
311,314,#00314,25/07/2018,2018-07-25 00:00:00.000000,09,16,18,38,41,45,09 16 18 38 41 45,19477380000,0
312,313,#00313,22/07/2018,2018-07-22 00:00:00.000000,08,09,24,27,40,45,08 09 24 27 40 45,17791807000,0
313,312,#00312,20/07/2018,2018-07-20 00:00:00.000000,13,14,16,19,20,23,13 14 16 19 20 23,16218909000,0
314,311,#00311,18/07/2018,2018-07-18 00:00:00.000000,08,10,14,19,26,34,08 10 14 19 26 34,14699373500,0
315,310,#00310,15/07/2018,2018-07-15 00:00:00.000000,07,15,20,29,31,38,07 15 20 29 31 38,13380902000,0
316,309,#00309,13/07/2018,2018-07-13 00:00:00.000000,03,08,09,25,27,28,03 08 09 25 27 28,16334968000,1
317,308,#00308,11/07/2018,2018-07-11 00:00:00.000000,12,26,28,29,39,43,12 26 28 29 39 43,14804193500,0
318,307,#00307,08/07/2018,2018-07-08 00:00:00.000000,02,07,08,10,28,44,02 07 08 10 28 44,13398681000,0
319,306,#00306,06/07/2018,2018-07-06 00:00:00.000000,22,26,33,34,38,42,22 26 33 34 38 42,19552700000,1
320,305,#00305,04/07/2018,2018-07-04 00:00:00.000000,02,03,27,28,34,43,02 03 27 28 34 43,17914040000,0
321,304,#00304,01/07/2018,2018-07-01 00:00:00.000000,04,07,15,28,34,37,04 07 15 28 34 37,16261589000,0
322,303,#00303,29/06/2018,2018-06-29 00:00:00.000000,06,18,22,24,36,39,06 18 22 24 36 39,14740422500,0
323,302,#00302,27/06/2018,2018-06-27 00:00:00.000000,25,27,29,33,37,38,25 27 29 33 37 38,13503491000,0
324,301,#00301,24/06/2018,2018-06-24 00:00:00.000000,06,08,23,32,33,41,06 08 23 32 33 41,45425875500,1
325,300,#00300,22/06/2018,2018-06-22 00:00:00.000000,15,19,20,26,34,39,15 19 20 26 34 39,41341594500,0
326,299,#00299,20/06/2018,2018-06-20 00:00:00.000000,02,18,22,30,32,43,02 18 22 30 32 43,37468041000,0
327,298,#00298,17/06/2018,2018-06-17 00:00:00.000000,03,05,06,07,34,40,03 05 06 07 34 40,33489990000,0
328,297,#00297,15/06/2018,2018-06-15 00:00:00.000000,08,11,13,23,24,28,08 11 13 23 24 28,29482556000,0
329,296,#00296,13/06/2018,2018-06-13 00:00:00.000000,02,04,17,24,31,40,02 04 17 24 31 40,27102742000,0
330,295,#00295,10/06/2018,2018-06-10 00:00:00.000000,22,25,35,36,38,39,22 25 35 36 38 39,24921544500,0
331,294,#00294,08/06/2018,2018-06-08 00:00:00.000000,04,13,32,35,40,42,04 13 32 35 40 42,23018484500,0
332,293,#00293,06/06/2018,2018-06-06 00:00:00.000000,06,20,22,26,43,44,06 20 22 26 43 44,21075967500,0
333,292,#00292,03/06/2018,2018-06-03 00:00:00.000000,18,20,24,40,42,45,18 20 24 40 42 45,19111078500,0
334,291,#00291,01/06/2018,2018-06-01 00:00:00.000000,06,14,19,38,43,44,06 14 19 38 43 44,17365309000,0
335,290,#00290,30/05/2018,2018-05-30 00:00:00.000000,02,17,19,27,31,36,02 17 19 27 31 36,15627431500,0
336,289,#00289,27/05/2018,2018-05-27 00:00:00.000000,05,09,17,18,19,22,05 09 17 18 19 22,13683452000,0
337,288,#00288,25/05/2018,2018-05-25 00:00:00.000000,05,14,22,26,29,39,05 14 22 26 29 39,21696294500,1
338,287,#00287,23/05/2018,2018-05-23 00:00:00.000000,13,16,25,34,37,41,13 16 25 34 37 41,19682837500,0
339,286,#00286,20/05/2018,2018-05-20 00:00:00.000000,18,19,25,26,29,39,18 19 25 26 29 39,17623253000,0
340,285,#00285,18/05/2018,2018-05-18 00:00:00.000000,03,18,24,29,30,35,03 18 24 29 30 35,15871546000,0
341,284,#00284,16/05/2018,2018-05-16 00:00:00.000000,10,21,23,25,35,38,10 21 23 25 35 38,13942069000,0
342,283,#00283,13/05/2018,2018-05-13 00:00:00.000000,06,11,16,18,27,41,06 11 16 18 27 41,24928178500,1
343,282,#00282,11/05/2018,2018-05-11 00:00:00.000000,10,11,26,29,33,38,10 11 26 29 33 38,22525075500,0
344,281,#00281,09/05/2018,2018-05-09 00:00:00.000000,09,15,20,30,31,33,09 15 20 30 31 33,20418869500,0
345,280,#00280,06/05/2018,2018-05-06 00:00:00.000000,11,26,28,34,36,37,11 26 28 34 36 37,18190592000,0
346,279,#00279,04/05/2018,2018-05-04 00:00:00.000000,09,18,25,26,27,29,09 18 25 26 27 29,16001414000,0
347,278,#00278,02/05/2018,2018-05-02 00:00:00.000000,10,11,22,29,37,40,10 11 22 29 37 40,13991781000,0
348,277,#00277,29/04/2018,2018-04-29 00:00:00.000000,03,10,22,23,25,43,03 10 22 23 25 43,43167500500,1
349,276,#00276,27/04/2018,2018-04-27 00:00:00.000000,10,20,24,27,28,29,10 20 24 27 28 29,38250538000,0
350,275,#00275,25/04/2018,2018-04-25 00:00:00.000000,04,15,17,23,29,43,04 15 17 23 29 43,32795426500,0
351,274,#00274,22/04/2018,2018-04-22 00:00:00.000000,06,07,22,32,36,39,06 07 22 32 36 39,29520435500,0
352,273,#00273,20/04/2018,2018-04-20 00:00:00.000000,06,09,14,30,33,42,06 09 14 30 33 42,26951035500,0
353,272,#00272,18/04/2018,2018-04-18 00:00:00.000000,06,16,28,29,39,44,06 16 28 29 39 44,24283540000,0
354,271,#00271,15/04/2018,2018-04-15 00:00:00.000000,03,09,13,20,30,34,03 09 13 20 30 34,21625367000,0
355,270,#00270,13/04/2018,2018-04-13 00:00:00.000000,11,22,24,33,38,43,11 22 24 33 38 43,19208849500,0
356,269,#00269,11/04/2018,2018-04-11 00:00:00.000000,07,20,23,25,26,39,07 20 23 25 26 39,16698808500,0
357,268,#00268,08/04/2018,2018-04-08 00:00:00.000000,02,05,11,16,30,34,02 05 11 16 30 34,14181136500,0
358,267,#00267,06/04/2018,2018-04-06 00:00:00.000000,01,07,08,09,36,40,01 07 08 09 36 40,18950624000,1
359,266,#00266,04/04/2018,2018-04-04 00:00:00.000000,02,03,06,16,41,44,02 03 06 16 41 44,16610316000,0
360,265,#00265,01/04/2018,2018-04-01 00:00:00.000000,04,12,24,33,39,43,04 12 24 33 39 43,14023275500,0
361,264,#00264,30/03/2018,2018-03-30 00:00:00.000000,07,11,18,28,34,43,07 11 18 28 34 43,47232044000,1
362,263,#00263,28/03/2018,2018-03-28 00:00:00.000000,12,18,31,34,35,42,12 18 31 34 35 42,41045491000,0
363,262,#00262,25/03/2018,2018-03-25 00:00:00.000000,04,10,13,22,38,42,04 10 13 22 38 42,35146443000,0
364,261,#00261,23/03/2018,2018-03-23 00:00:00.000000,03,06,12,22,26,35,03 06 12 22 26 35,29771262500,0
365,260,#00260,21/03/2018,2018-03-21 00:00:00.000000,06,19,38,40,41,44,06 19 38 40 41 44,24925558000,0
366,259,#00259,18/03/2018,2018-03-18 00:00:00.000000,14,21,24,28,31,40,14 21 24 28 31 40,22126590500,0
367,258,#00258,16/03/2018,2018-03-16 00:00:00.000000,06,08,13,17,20,34,06 08 13 17 20 34,19364868500,0
368,257,#00257,14/03/2018,2018-03-14 00:00:00.000000,12,21,23,27,31,34,12 21 23 27 31 34,16816618000,0
369,256,#00256,11/03/2018,2018-03-11 00:00:00.000000,01,14,19,26,41,42,01 14 19 26 41 42,14198696000,0
370,255,#00255,09/03/2018,2018-03-09 00:00:00.000000,05,10,13,19,25,44,05 10 13 19 25 44,63703129500,1
371,254,#00254,07/03/2018,2018-03-07 00:00:00.000000,08,19,25,31,37,40,08 19 25 31 37 40,57077335000,0
372,253,#00253,04/03/2018,2018-03-04 00:00:00.000000,04,11,19,25,32,40,04 11 19 25 32 40,50300808000,0
373,252,#00252,02/03/2018,2018-03-02 00:00:00.000000,03,07,15,27,41,45,03 07 15 27 41 45,44207793500,0
374,251,#00251,28/02/2018,2018-02-28 00:00:00.000000,17,19,21,23,36,40,17 19 21 23 36 40,38734509500,0
375,250,#00250,25/02/2018,2018-02-25 00:00:00.000000,08,10,12,29,30,42,08 10 12 29 30 42,31977072000,0
376,249,#00249,23/02/2018,2018-02-23 00:00:00.000000,05,16,19,23,29,37,05 16 19 23 29 37,25996836500,0
377,248,#00248,21/02/2018,2018-02-21 00:00:00.000000,18,23,24,26,29,33,18 23 24 26 29 33,22715192500,0
378,247,#00247,18/02/2018,2018-02-18 00:00:00.000000,01,05,14,16,36,38,01 05 14 16 36 38,19454641500,0
379,246,#00246,14/02/2018,2018-02-14 00:00:00.000000,12,31,32,34,35,43,12 31 32 34 35 43,17174625000,0
380,245,#00245,11/02/2018,2018-02-11 00:00:00.000000,05,19,27,32,41,45,05 19 27 32 41 45,14235832500,0
381,244,#00244,09/02/2018,2018-02-09 00:00:00.000000,02,10,14,19,23,37,02 10 14 19 23 37,128060514000,4
382,243,#00243,07/02/2018,2018-02-07 00:00:00.000000,05,07,18,26,30,36,05 07 18 26 30 36,26011855000,0
383,242,#00242,04/02/2018,2018-02-04 00:00:00.000000,01,05,13,27,40,45,01 05 13 27 40 45,22059937000,0
384,241,#00241,02/02/2018,2018-02-02 00:00:00.000000,02,07,14,28,42,45,02 07 14 28 42 45,19227076000,0
385,240,#00240,31/01/2018,2018-01-31 00:00:00.000000,04,07,09,10,30,40,04 07 09 10 30 40,16606785500,0
386,239,#00239,28/01/2018,2018-01-28 00:00:00.000000,12,26,27,33,36,37,12 26 27 33 36 37,14144899000,0
387,238,#00238,26/01/2018,2018-01-26 00:00:00.000000,01,09,18,28,36,44,01 09 18 28 36 44,75033798000,1
388,237,#00237,24/01/2018,2018-01-24 00:00:00.000000,05,06,24,33,42,45,05 06 24 33 42 45,67844710500,0
389,236,#00236,21/01/2018,2018-01-21 00:00:00.000000,01,10,11,24,32,37,01 10 11 24 32 37,60521055500,0
390,235,#00235,19/01/2018,2018-01-19 00:00:00.000000,02,04,27,28,31,36,02 04 27 28 31 36,53253948000,0
391,234,#00234,17/01/2018,2018-01-17 00:00:00.000000,09,10,12,22,27,41,09 10 12 22 27 41,46117073000,0
392,233,#00233,14/01/2018,2018-01-14 00:00:00.000000,01,06,10,29,32,41,01 06 10 29 32 41,38977908000,0
393,232,#00232,12/01/2018,2018-01-12 00:00:00.000000,04,08,17,23,27,34,04 08 17 23 27 34,32458724000,0
394,231,#00231,10/01/2018,2018-01-10 00:00:00.000000,06,18,21,22,37,45,06 18 21 22 37 45,26791424500,0
395,230,#00230,07/01/2018,2018-01-07 00:00:00.000000,04,06,11,13,24,31,04 06 11 13 24 31,22694481500,0
396,229,#00229,05/01/2018,2018-01-05 00:00:00.000000,19,30,34,38,42,44,19 30 34 38 42 44,20050529500,0
397,228,#00228,03/01/2018,2018-01-03 00:00:00.000000,08,14,19,30,33,35,08 14 19 30 33 35,17039845000,0
398,227,#00227,31/12/2017,2017-12-31 00:00:00.000000,03,13,14,26,30,34,03 13 14 26 30 34,14360960500,0
399,226,#00226,29/12/2017,2017-12-29 00:00:00.000000,02,08,17,20,29,39,02 08 17 20 29 39,105541617500,1
400,225,#00225,27/12/2017,2017-12-27 00:00:00.000000,09,13,19,21,27,30,09 13 19 21 27 30,96904849000,0
401,224,#00224,24/12/2017,2017-12-24 00:00:00.000000,01,05,09,14,30,31,01 05 09 14 30 31,88529570000,0
402,223,#00223,22/12/2017,2017-12-22 00:00:00.000000,09,13,17,22,26,33,09 13 17 22 26 33,80604750500,0
403,222,#00222,20/12/2017,2017-12-20 00:00:00.000000,03,08,25,37,40,42,03 08 25 37 40 42,73379042500,0
404,221,#00221,17/12/2017,2017-12-17 00:00:00.000000,04,07,16,27,40,41,04 07 16 27 40 41,65963106000,0
405,220,#00220,15/12/2017,2017-12-15 00:00:00.000000,13,14,17,24,28,43,13 14 17 24 28 43,58946980500,0
406,219,#00219,13/12/2017,2017-12-13 00:00:00.000000,04,07,19,24,32,38,04 07 19 24 32 38,52263301500,0
407,218,#00218,10/12/2017,2017-12-10 00:00:00.000000,27,36,39,43,44,45,27 36 39 43 44 45,46141752000,0
408,217,#00217,08/12/2017,2017-12-08 00:00:00.000000,02,11,15,32,40,44,02 11 15 32 40 44,40544388500,0
409,216,#00216,06/12/2017,2017-12-06 00:00:00.000000,03,07,29,31,34,43,03 07 29 31 34 43,35307952000,0
410,215,#00215,03/12/2017,2017-12-03 00:00:00.000000,08,09,15,18,27,30,08 09 15 18 27 30,30094115000,0
411,214,#00214,01/12/2017,2017-12-01 00:00:00.000000,10,19,30,35,39,45,10 19 30 35 39 45,27156006000,0
412,213,#00213,29/11/2017,2017-11-29 00:00:00.000000,19,23,26,37,38,41,19 23 26 37 38 41,24686239000,0
413,212,#00212,26/11/2017,2017-11-26 00:00:00.000000,04,12,17,19,23,34,04 12 17 19 23 34,22050287500,0
414,211,#00211,24/11/2017,2017-11-24 00:00:00.000000,14,24,32,34,36,45,14 24 32 34 36 45,19851922000,0
415,210,#00210,22/11/2017,2017-11-22 00:00:00.000000,05,06,09,23,27,35,05 06 09 23 27 35,17737324500,0
416,209,#00209,19/11/2017,2017-11-19 00:00:00.000000,14,20,30,33,41,43,14 20 30 33 41 43,15922069000,0
417,208,#00208,17/11/2017,2017-11-17 00:00:00.000000,11,13,18,19,31,45,11 13 18 19 31 45,13915237000,0
418,207,#00207,15/11/2017,2017-11-15 00:00:00.000000,01,09,15,27,33,43,01 09 15 27 33 43,20031482500,1
419,206,#00206,12/11/2017,2017-11-12 00:00:00.000000,22,26,37,40,42,44,22 26 37 40 42 44,17964388500,0
420,205,#00205,10/11/2017,2017-11-10 00:00:00.000000,01,04,19,21,24,35,01 04 19 21 24 35,16076253000,0
421,204,#00204,08/11/2017,2017-11-08 00:00:00.000000,01,18,23,24,40,41,01 18 23 24 40 41,14042946500,0
422,203,#00203,05/11/2017,2017-11-05 00:00:00.000000,03,17,38,39,41,44,03 17 38 39 41 44,39508281500,1
423,202,#00202,03/11/2017,2017-11-03 00:00:00.000000,07,17,20,22,29,44,07 17 20 22 29 44,33963663500,0
424,201,#00201,01/11/2017,2017-11-01 00:00:00.000000,04,12,25,39,42,44,04 12 25 39 42 44,28523607000,0
425,200,#00200,29/10/2017,2017-10-29 00:00:00.000000,01,05,28,31,44,45,01 05 28 31 44 45,23994411500,0
426,199,#00199,27/10/2017,2017-10-27 00:00:00.000000,04,10,13,21,22,38,04 10 13 21 22 38,21223116500,0
427,198,#00198,25/10/2017,2017-10-25 00:00:00.000000,12,17,23,25,34,38,12 17 23 25 34 38,18660832500,0
428,197,#00197,22/10/2017,2017-10-22 00:00:00.000000,08,14,16,17,31,42,08 14 16 17 31 42,16454311000,0
429,196,#00196,20/10/2017,2017-10-20 00:00:00.000000,02,18,25,33,36,42,02 18 25 33 36 42,14044139000,0
430,195,#00195,18/10/2017,2017-10-18 00:00:00.000000,16,24,32,36,37,40,16 24 32 36 37 40,49725546500,1
431,194,#00194,15/10/2017,2017-10-15 00:00:00.000000,02,09,14,21,35,40,02 09 14 21 35 40,43087021500,0
432,193,#00193,13/10/2017,2017-10-13 00:00:00.000000,10,13,20,21,25,36,10 13 20 21 25 36,36463490000,0
433,192,#00192,11/10/2017,2017-10-11 00:00:00.000000,04,11,14,15,19,26,04 11 14 15 19 26,30674931000,0
434,191,#00191,08/10/2017,2017-10-08 00:00:00.000000,08,16,24,27,35,39,08 16 24 27 35 39,24467091000,0
435,190,#00190,06/10/2017,2017-10-06 00:00:00.000000,04,06,18,20,30,45,04 06 18 20 30 45,22039395000,0
436,189,#00189,04/10/2017,2017-10-04 00:00:00.000000,04,05,09,19,37,44,04 05 09 19 37 44,19277233000,0
437,188,#00188,01/10/2017,2017-10-01 00:00:00.000000,08,23,27,36,37,43,08 23 27 36 37 43,16810782500,0
438,187,#00187,29/09/2017,2017-09-29 00:00:00.000000,23,28,30,35,37,42,23 28 30 35 37 42,14386322000,0
439,186,#00186,27/09/2017,2017-09-27 00:00:00.000000,10,19,33,34,35,45,10 19 33 34 35 45,112128144500,1
440,185,#00185,24/09/2017,2017-09-24 00:00:00.000000,04,10,11,31,36,39,04 10 11 31 36 39,97184052500,0
441,184,#00184,22/09/2017,2017-09-22 00:00:00.000000,05,16,21,31,37,41,05 16 21 31 37 41,85794951000,0
442,183,#00183,20/09/2017,2017-09-20 00:00:00.000000,05,07,13,17,23,33,05 07 13 17 23 33,76017619000,0
443,182,#00182,17/09/2017,2017-09-17 00:00:00.000000,06,11,15,16,37,40,06 11 15 16 37 40,67928383500,0
444,181,#00181,15/09/2017,2017-09-15 00:00:00.000000,03,24,35,37,40,43,03 24 35 37 40 43,59876865000,0
445,180,#00180,13/09/2017,2017-09-13 00:00:00.000000,03,08,19,35,38,40,03 08 19 35 38 40,52375807500,0
446,179,#00179,10/09/2017,2017-09-10 00:00:00.000000,01,22,23,35,36,42,01 22 23 35 36 42,45017827500,0
447,178,#00178,08/09/2017,2017-09-08 00:00:00.000000,02,15,17,32,41,44,02 15 17 32 41 44,38078171000,0
448,177,#00177,06/09/2017,2017-09-06 00:00:00.000000,05,20,24,32,36,42,05 20 24 32 36 42,32087827000,0
449,176,#00176,03/09/2017,2017-09-03 00:00:00.000000,05,06,26,28,35,43,05 06 26 28 35 43,27593130000,0
450,175,#00175,01/09/2017,2017-09-01 00:00:00.000000,09,10,13,19,23,41,09 10 13 19 23 41,24806172500,0
451,174,#00174,30/08/2017,2017-08-30 00:00:00.000000,05,08,11,28,35,41,05 08 11 28 35 41,22072526500,0
452,173,#00173,27/08/2017,2017-08-27 00:00:00.000000,03,07,16,32,36,39,03 07 16 32 36 39,19342630500,0
453,172,#00172,25/08/2017,2017-08-25 00:00:00.000000,02,07,12,27,40,44,02 07 12 27 40 44,16843686500,0
454,171,#00171,23/08/2017,2017-08-23 00:00:00.000000,06,25,27,34,42,43,06 25 27 34 42 43,14430230000,0
455,170,#00170,20/08/2017,2017-08-20 00:00:00.000000,05,15,18,21,37,45,05 15 18 21 37 45,20196533500,1
456,169,#00169,18/08/2017,2017-08-18 00:00:00.000000,03,04,18,22,34,37,03 04 18 22 34 37,17211832000,0
457,168,#00168,16/08/2017,2017-08-16 00:00:00.000000,06,11,15,19,22,41,06 11 15 19 22 41,14511266500,0
458,167,#00167,13/08/2017,2017-08-13 00:00:00.000000,01,03,06,07,16,18,01 03 06 07 16 18,24355032000,1
459,166,#00166,11/08/2017,2017-08-11 00:00:00.000000,01,12,19,35,36,41,01 12 19 35 36 41,21279857000,0
460,165,#00165,09/08/2017,2017-08-09 00:00:00.000000,11,19,22,24,25,31,11 19 22 24 25 31,18094934500,0
461,164,#00164,06/08/2017,2017-08-06 00:00:00.000000,02,09,10,11,21,43,02 09 10 11 21 43,14758481000,0
462,163,#00163,04/08/2017,2017-08-04 00:00:00.000000,03,12,13,23,26,37,03 12 13 23 26 37,36385680000,1
463,162,#00162,02/08/2017,2017-08-02 00:00:00.000000,07,10,17,26,28,43,07 10 17 26 28 43,31526653500,0
464,161,#00161,30/07/2017,2017-07-30 00:00:00.000000,08,17,24,35,41,44,08 17 24 35 41 44,27215847000,0
465,160,#00160,28/07/2017,2017-07-28 00:00:00.000000,01,04,09,26,35,39,01 04 09 26 35 39,22841331000,0
466,159,#00159,26/07/2017,2017-07-26 00:00:00.000000,09,26,27,30,40,44,09 26 27 30 40 44,18997393000,0
467,158,#00158,23/07/2017,2017-07-23 00:00:00.000000,07,09,13,21,28,39,07 09 13 21 28 39,14699647500,0
468,157,#00157,21/07/2017,2017-07-21 00:00:00.000000,05,06,09,15,19,32,05 06 09 15 19 32,28206055000,2
469,156,#00156,19/07/2017,2017-07-19 00:00:00.000000,04,07,13,20,35,44,04 07 13 20 35 44,131916845500,1
470,155,#00155,16/07/2017,2017-07-16 00:00:00.000000,02,10,27,29,37,39,02 10 27 29 37 39,107310536500,0
471,154,#00154,14/07/2017,2017-07-14 00:00:00.000000,02,13,19,24,25,33,02 13 19 24 25 33,89529309000,0
472,153,#00153,12/07/2017,2017-07-12 00:00:00.000000,05,09,14,15,26,42,05 09 14 15 26 42,75739875000,0
473,152,#00152,09/07/2017,2017-07-09 00:00:00.000000,01,09,14,18,25,28,01 09 14 18 25 28,62125331000,0
474,151,#00151,07/07/2017,2017-07-07 00:00:00.000000,04,19,22,30,34,35,04 19 22 30 34 35,51353669500,0
475,150,#00150,05/07/2017,2017-07-05 00:00:00.000000,01,04,16,31,37,40,01 04 16 31 37 40,41307196000,0
476,149,#00149,02/07/2017,2017-07-02 00:00:00.000000,01,05,07,16,19,44,01 05 07 16 19 44,31480779500,0
477,148,#00148,30/06/2017,2017-06-30 00:00:00.000000,01,07,10,38,40,42,01 07 10 38 40 42,26077564500,0
478,147,#00147,28/06/2017,2017-06-28 00:00:00.000000,02,06,21,28,39,40,02 06 21 28 39 40,22045991000,0
479,146,#00146,25/06/2017,2017-06-25 00:00:00.000000,03,14,33,38,42,44,03 14 33 38 42 44,18213880500,0
480,145,#00145,23/06/2017,2017-06-23 00:00:00.000000,09,10,21,37,40,42,09 10 21 37 40 42,14933472500,0
481,144,#00144,21/06/2017,2017-06-21 00:00:00.000000,09,26,29,30,35,37,09 26 29 30 35 37,21487564000,1
482,143,#00143,18/06/2017,2017-06-18 00:00:00.000000,02,08,12,14,16,26,02 08 12 14 16 26,17199957500,0
483,142,#00142,16/06/2017,2017-06-16 00:00:00.000000,06,10,17,21,27,38,06 10 17 21 27 38,14665599500,0
484,141,#00141,14/06/2017,2017-06-14 00:00:00.000000,05,08,15,25,31,35,05 08 15 25 31 35,82060579000,1
485,140,#00140,11/06/2017,2017-06-11 00:00:00.000000,05,06,11,14,32,33,05 06 11 14 32 33,68224154000,0
486,139,#00139,09/06/2017,2017-06-09 00:00:00.000000,07,15,19,24,32,42,07 15 19 24 32 42,56519820000,0
487,138,#00138,07/06/2017,2017-06-07 00:00:00.000000,05,06,13,29,35,44,05 06 13 29 35 44,46118017000,0
488,137,#00137,04/06/2017,2017-06-04 00:00:00.000000,01,09,23,32,34,35,01 09 23 32 34 35,35585407000,0
489,136,#00136,02/06/2017,2017-06-02 00:00:00.000000,05,13,16,32,39,41,05 13 16 32 39 41,26998153000,0
490,135,#00135,31/05/2017,2017-05-31 00:00:00.000000,07,13,16,30,37,44,07 13 16 30 37 44,22304986000,0
491,134,#00134,28/05/2017,2017-05-28 00:00:00.000000,02,07,17,24,31,44,02 07 17 24 31 44,17885440000,0
492,133,#00133,26/05/2017,2017-05-26 00:00:00.000000,06,08,25,39,40,45,06 08 25 39 40 45,14713507000,0
493,132,#00132,24/05/2017,2017-05-24 00:00:00.000000,08,20,25,27,30,33,08 20 25 27 30 33,112477419000,1
494,131,#00131,21/05/2017,2017-05-21 00:00:00.000000,11,14,17,22,27,42,11 14 17 22 27 42,86669528000,0
495,130,#00130,19/05/2017,2017-05-19 00:00:00.000000,01,08,18,28,30,33,01 08 18 28 30 33,69744001500,0
496,129,#00129,17/05/2017,2017-05-17 00:00:00.000000,07,08,11,18,23,42,07 08 11 18 23 42,55971817000,0
497,128,#00128,14/05/2017,2017-05-14 00:00:00.000000,13,15,17,21,25,40,13 15 17 21 25 40,43072266500,0
498,127,#00127,12/05/2017,2017-05-12 00:00:00.000000,01,27,35,42,43,45,01 27 35 42 43 45,33883918000,0
499,126,#00126,10/05/2017,2017-05-10 00:00:00.000000,07,17,21,29,40,44,07 17 21 29 40 44,25768903500,0
500,125,#00125,07/05/2017,2017-05-07 00:00:00.000000,01,07,28,32,44,45,01 07 28 32 44 45,21030978000,0
501,124,#00124,05/05/2017,2017-05-05 00:00:00.000000,04,09,12,32,36,43,04 09 12 32 36 43,17450444500,0
502,123,#00123,03/05/2017,2017-05-03 00:00:00.000000,03,19,20,21,25,45,03 19 20 21 25 45,14671443000,0
503,122,#00122,30/04/2017,2017-04-30 00:00:00.000000,02,06,08,11,12,25,02 06 08 11 12 25,37930392500,1
504,121,#00121,28/04/2017,2017-04-28 00:00:00.000000,02,09,11,12,15,23,02 09 11 12 15 23,30392235000,0
505,120,#00120,26/04/2017,2017-04-26 00:00:00.000000,14,16,17,20,35,39,14 16 17 20 35 39,27142731500,0
506,119,#00119,23/04/2017,2017-04-23 00:00:00.000000,13,17,22,30,31,43,13 17 22 30 31 43,22460863000,0
507,118,#00118,21/04/2017,2017-04-21 00:00:00.000000,07,08,15,30,32,39,07 08 15 30 32 39,18574303000,0
508,117,#00117,19/04/2017,2017-04-19 00:00:00.000000,19,20,32,33,38,44,19 20 32 33 38 44,15289489000,0
509,116,#00116,16/04/2017,2017-04-16 00:00:00.000000,06,07,18,29,32,44,06 07 18 29 32 44,43103721000,2
510,115,#00115,14/04/2017,2017-04-14 00:00:00.000000,04,05,10,33,36,38,04 05 10 33 36 38,18396351500,0
511,114,#00114,12/04/2017,2017-04-12 00:00:00.000000,02,03,08,13,19,41,02 03 08 13 19 41,15061131500,0
512,113,#00113,09/04/2017,2017-04-09 00:00:00.000000,05,08,21,25,26,37,05 08 21 25 26 37,23260825500,1
513,112,#00112,07/04/2017,2017-04-07 00:00:00.000000,04,05,16,17,32,40,04 05 16 17 32 40,19215805000,0
514,111,#00111,05/04/2017,2017-04-05 00:00:00.000000,13,14,20,21,23,33,13 14 20 21 23 33,15738450500,0
515,110,#00110,02/04/2017,2017-04-02 00:00:00.000000,03,05,07,12,27,33,03 05 07 12 27 33,27757861500,1
516,109,#00109,31/03/2017,2017-03-31 00:00:00.000000,01,04,05,11,20,30,01 04 05 11 20 30,22599497500,0
517,108,#00108,29/03/2017,2017-03-29 00:00:00.000000,04,05,24,26,28,37,04 05 24 26 28 37,18913358000,0
518,107,#00107,26/03/2017,2017-03-26 00:00:00.000000,06,12,23,25,29,43,06 12 23 25 29 43,14932069000,0
519,106,#00106,24/03/2017,2017-03-24 00:00:00.000000,10,14,30,32,37,42,10 14 30 32 37 42,24369075000,1
520,105,#00105,22/03/2017,2017-03-22 00:00:00.000000,01,09,24,28,33,36,01 09 24 28 33 36,20053374000,0
521,104,#00104,19/03/2017,2017-03-19 00:00:00.000000,01,02,06,12,31,36,01 02 06 12 31 36,15514249500,0
522,103,#00103,17/03/2017,2017-03-17 00:00:00.000000,07,12,24,43,44,45,07 12 24 43 44 45,43029075000,1
523,102,#00102,15/03/2017,2017-03-15 00:00:00.000000,03,09,10,31,32,40,03 09 10 31 32 40,32528800000,0
524,101,#00101,12/03/2017,2017-03-12 00:00:00.000000,06,11,30,32,35,42,06 11 30 32 35 42,25751732000,0
525,100,#00100,10/03/2017,2017-03-10 00:00:00.000000,04,09,21,27,38,44,04 09 21 27 38 44,20691602500,0
526,99,#00099,08/03/2017,2017-03-08 00:00:00.000000,05,11,14,20,32,42,05 11 14 20 32 42,16235308500,0
527,98,#00098,05/03/2017,2017-03-05 00:00:00.000000,18,21,24,26,39,45,18 21 24 26 39 45,40417691000,2
528,97,#00097,03/03/2017,2017-03-03 00:00:00.000000,02,04,13,22,23,41,02 04 13 22 23 41,15908249000,0
529,96,#00096,01/03/2017,2017-03-01 00:00:00.000000,03,04,26,30,35,44,03 04 26 30 35 44,41241151500,1
530,95,#00095,26/02/2017,2017-02-26 00:00:00.000000,07,11,16,19,38,39,07 11 16 19 38 39,28881350000,0
531,94,#00094,24/02/2017,2017-02-24 00:00:00.000000,02,04,19,23,44,45,02 04 19 23 44 45,22067968000,0
532,93,#00093,22/02/2017,2017-02-22 00:00:00.000000,01,03,08,18,28,42,01 03 08 18 28 42,17094590500,0
533,92,#00092,19/02/2017,2017-02-19 00:00:00.000000,01,17,24,25,33,35,01 17 24 25 33 35,41655369000,1
534,91,#00091,17/02/2017,2017-02-17 00:00:00.000000,12,15,25,27,37,41,12 15 25 27 37 41,30113481000,0
535,90,#00090,15/02/2017,2017-02-15 00:00:00.000000,04,16,19,27,29,30,04 16 19 27 29 30,22068008000,0
536,89,#00089,12/02/2017,2017-02-12 00:00:00.000000,04,06,12,21,23,28,04 06 12 21 23 28,16293746000,0
537,88,#00088,10/02/2017,2017-02-10 00:00:00.000000,02,06,10,13,20,28,02 06 10 13 20 28,31054352000,1
538,87,#00087,08/02/2017,2017-02-08 00:00:00.000000,15,26,29,32,34,38,15 26 29 32 34 38,23731260500,0
539,86,#00086,05/02/2017,2017-02-05 00:00:00.000000,01,11,26,29,34,40,01 11 26 29 34 40,17097119000,0
540,85,#00085,03/02/2017,2017-02-03 00:00:00.000000,08,17,31,32,33,39,08 17 31 32 33 39,22224383000,1
541,84,#00084,01/02/2017,2017-02-01 00:00:00.000000,02,10,11,18,22,33,02 10 11 18 22 33,16621416500,0
542,83,#00083,29/01/2017,2017-01-29 00:00:00.000000,05,13,21,27,29,45,05 13 21 27 29 45,75850074500,1
543,82,#00082,25/01/2017,2017-01-25 00:00:00.000000,06,09,14,18,28,30,06 09 14 18 28 30,59055061500,0
544,81,#00081,22/01/2017,2017-01-22 00:00:00.000000,01,20,21,22,26,29,01 20 21 22 26 29,44064415000,0
545,80,#00080,20/01/2017,2017-01-20 00:00:00.000000,01,11,31,32,34,37,01 11 31 32 34 37,31062333000,0
546,79,#00079,18/01/2017,2017-01-18 00:00:00.000000,11,22,26,28,35,43,11 22 26 28 35 43,24189181500,0
547,78,#00078,15/01/2017,2017-01-15 00:00:00.000000,05,25,27,29,31,43,05 25 27 29 31 43,17152877000,0
548,77,#00077,13/01/2017,2017-01-13 00:00:00.000000,12,24,29,32,37,39,12 24 29 32 37 39,17491608500,1
549,76,#00076,11/01/2017,2017-01-11 00:00:00.000000,02,08,21,29,37,45,02 08 21 29 37 45,28747032500,1
550,75,#00075,08/01/2017,2017-01-08 00:00:00.000000,12,18,29,32,39,45,12 18 29 32 39 45,18718983500,0
551,74,#00074,06/01/2017,2017-01-06 00:00:00.000000,22,30,34,36,43,45,22 30 34 36 43 45,30531270500,1
552,73,#00073,04/01/2017,2017-01-04 00:00:00.000000,04,19,25,27,29,31,04 19 25 27 29 31,20148356500,0
553,72,#00072,01/01/2017,2017-01-01 00:00:00.000000,09,18,24,33,36,39,09 18 24 33 36 39,48794185000,1
554,71,#00071,30/12/2016,2016-12-30 00:00:00.000000,07,23,27,29,35,37,07 23 27 29 35 37,33158297500,0
555,70,#00070,28/12/2016,2016-12-28 00:00:00.000000,02,22,25,33,38,43,02 22 25 33 38 43,21524698500,0
556,69,#00069,25/12/2016,2016-12-25 00:00:00.000000,05,12,20,29,34,36,05 12 20 29 34 36,318465970000,2
557,68,#00068,23/12/2016,2016-12-23 00:00:00.000000,01,17,24,25,37,43,01 17 24 25 37 43,126099475000,0
558,67,#00067,21/12/2016,2016-12-21 00:00:00.000000,03,06,12,14,18,40,03 06 12 14 18 40,98384793500,0
559,66,#00066,18/12/2016,2016-12-18 00:00:00.000000,03,07,30,32,41,43,03 07 30 32 41 43,73843316500,0
560,65,#00065,16/12/2016,2016-12-16 00:00:00.000000,05,08,33,34,39,44,05 08 33 34 39 44,57376762500,0
561,64,#00064,14/12/2016,2016-12-14 00:00:00.000000,05,06,12,16,26,30,05 06 12 16 26 30,42627154000,0
562,63,#00063,11/12/2016,2016-12-11 00:00:00.000000,02,03,04,05,22,24,02 03 04 05 22 24,26567247500,0
563,62,#00062,09/12/2016,2016-12-09 00:00:00.000000,11,12,15,17,21,26,11 12 15 17 21 26,18528083000,0
564,61,#00061,07/12/2016,2016-12-07 00:00:00.000000,13,23,27,28,32,45,13 23 27 28 32 45,69582180000,1
565,60,#00060,04/12/2016,2016-12-04 00:00:00.000000,03,05,13,27,38,44,03 05 13 27 38 44,49357581000,0
566,59,#00059,02/12/2016,2016-12-02 00:00:00.000000,17,26,33,34,37,42,17 26 33 34 37 42,34053459000,0
567,58,#00058,30/11/2016,2016-11-30 00:00:00.000000,06,15,17,20,23,41,06 15 17 20 23 41,21722316000,0
568,57,#00057,27/11/2016,2016-11-27 00:00:00.000000,12,16,17,18,22,30,12 16 17 18 22 30,54886916500,1
569,56,#00056,25/11/2016,2016-11-25 00:00:00.000000,03,04,25,31,37,40,03 04 25 31 37 40,37849277000,0
570,55,#00055,23/11/2016,2016-11-23 00:00:00.000000,02,22,23,24,28,37,02 22 23 24 28 37,22673898000,0
571,54,#00054,20/11/2016,2016-11-20 00:00:00.000000,09,23,33,38,41,42,09 23 33 38 41 42,56100126000,1
572,53,#00053,18/11/2016,2016-11-18 00:00:00.000000,11,12,16,24,26,31,11 12 16 24 26 31,38611602000,0
573,52,#00052,16/11/2016,2016-11-16 00:00:00.000000,01,09,17,28,43,44,01 09 17 28 43 44,23092467000,0
574,51,#00051,13/11/2016,2016-11-13 00:00:00.000000,11,23,25,34,36,45,11 23 25 34 36 45,71066641000,1
575,50,#00050,11/11/2016,2016-11-11 00:00:00.000000,10,17,22,23,30,36,10 17 22 23 30 36,54743403000,0
576,49,#00049,09/11/2016,2016-11-09 00:00:00.000000,02,10,14,24,25,30,02 10 14 24 25 30,38977855000,0
577,48,#00048,06/11/2016,2016-11-06 00:00:00.000000,04,15,16,20,26,41,04 15 16 20 26 41,23252753000,0
578,47,#00047,04/11/2016,2016-11-04 00:00:00.000000,05,13,22,24,28,32,05 13 22 24 28 32,17235306000,0
579,46,#00046,02/11/2016,2016-11-02 00:00:00.000000,03,05,08,10,13,22,03 05 08 10 13 22,64808542500,1
580,45,#00045,30/10/2016,2016-10-30 00:00:00.000000,07,12,25,28,40,44,07 12 25 28 40 44,52703398000,0
581,44,#00044,28/10/2016,2016-10-28 00:00:00.000000,10,11,13,14,16,38,10 11 13 14 16 38,42928404000,0
582,43,#00043,26/10/2016,2016-10-26 00:00:00.000000,01,08,16,18,21,28,01 08 16 18 21 28,32312328000,0
583,42,#00042,23/10/2016,2016-10-23 00:00:00.000000,02,05,12,21,22,40,02 05 12 21 22 40,22362082500,0
584,41,#00041,21/10/2016,2016-10-21 00:00:00.000000,16,17,30,32,34,38,16 17 30 32 34 38,17842703500,0
585,40,#00040,19/10/2016,2016-10-19 00:00:00.000000,02,13,15,17,18,41,02 13 15 17 18 41,14659178500,0
586,39,#00039,16/10/2016,2016-10-16 00:00:00.000000,05,21,31,33,38,42,05 21 31 33 38 42,92030182500,1
587,38,#00038,14/10/2016,2016-10-14 00:00:00.000000,03,07,09,18,28,39,03 07 09 18 28 39,87558225500,0
588,37,#00037,12/10/2016,2016-10-12 00:00:00.000000,02,08,15,16,19,25,02 08 15 16 19 25,84060767000,0
589,36,#00036,09/10/2016,2016-10-09 00:00:00.000000,02,15,20,32,33,44,02 15 20 32 33 44,79596879500,0
590,35,#00035,07/10/2016,2016-10-07 00:00:00.000000,24,25,27,34,44,45,24 25 27 34 44 45,75539052000,0
591,34,#00034,05/10/2016,2016-10-05 00:00:00.000000,05,06,19,31,42,44,05 06 19 31 42 44,71430098000,0
592,33,#00033,02/10/2016,2016-10-02 00:00:00.000000,16,23,27,34,35,38,16 23 27 34 35 38,67219887000,0
593,32,#00032,30/09/2016,2016-09-30 00:00:00.000000,06,20,30,38,40,45,06 20 30 38 40 45,64193390500,0
594,31,#00031,28/09/2016,2016-09-28 00:00:00.000000,03,06,17,21,32,40,03 06 17 21 32 40,60841799500,0
595,30,#00030,25/09/2016,2016-09-25 00:00:00.000000,01,20,28,32,42,44,01 20 28 32 42 44,57057357500,0
596,29,#00029,23/09/2016,2016-09-23 00:00:00.000000,08,14,19,29,30,40,08 14 19 29 30 40,53733170500,0
597,28,#00028,21/09/2016,2016-09-21 00:00:00.000000,05,12,15,30,37,41,05 12 15 30 37 41,50637656500,0
598,27,#00027,18/09/2016,2016-09-18 00:00:00.000000,07,10,17,20,25,32,07 10 17 20 25 32,47104438000,0
599,26,#00026,16/09/2016,2016-09-16 00:00:00.000000,04,05,06,23,31,34,04 05 06 23 31 34,44453054500,0
600,25,#00025,14/09/2016,2016-09-14 00:00:00.000000,02,11,14,23,25,32,02 11 14 23 25 32,41528788000,0
601,24,#00024,11/09/2016,2016-09-11 00:00:00.000000,06,09,10,18,20,31,06 09 10 18 20 31,38971774000,0
602,23,#00023,09/09/2016,2016-09-09 00:00:00.000000,07,13,16,18,31,32,07 13 16 18 31 32,36597883000,0
603,22,#00022,07/09/2016,2016-09-07 00:00:00.000000,06,08,12,13,15,19,06 08 12 13 15 19,34202887000,0
604,21,#00021,04/09/2016,2016-09-04 00:00:00.000000,11,15,20,24,27,45,11 15 20 24 27 45,32087986000,0
605,20,#00020,02/09/2016,2016-09-02 00:00:00.000000,09,13,24,35,36,41,09 13 24 35 36 41,29958428500,0
606,19,#00019,31/08/2016,2016-08-31 00:00:00.000000,08,20,21,31,34,39,08 20 21 31 34 39,27868784500,0
607,18,#00018,28/08/2016,2016-08-28 00:00:00.000000,04,06,10,15,16,44,04 06 10 15 16 44,25624053000,0
608,17,#00017,26/08/2016,2016-08-26 00:00:00.000000,10,36,39,43,44,45,10 36 39 43 44 45,24214106500,0
609,16,#00016,24/08/2016,2016-08-24 00:00:00.000000,08,17,21,23,36,40,08 17 21 23 36 40,23139377500,0
610,15,#00015,21/08/2016,2016-08-21 00:00:00.000000,13,21,24,25,29,44,13 21 24 25 29 44,21982877500,0
611,14,#00014,19/08/2016,2016-08-19 00:00:00.000000,11,12,17,33,34,36,11 12 17 33 34 36,21032293000,0
612,13,#00013,17/08/2016,2016-08-17 00:00:00.000000,02,04,09,19,21,26,02 04 09 19 21 26,20253396500,0
613,12,#00012,14/08/2016,2016-08-14 00:00:00.000000,13,16,17,29,31,37,13 16 17 29 31 37,19290861000,0
614,11,#00011,12/08/2016,2016-08-12 00:00:00.000000,28,31,34,37,38,41,28 31 34 37 38 41,18841509500,0
615,10,#00010,10/08/2016,2016-08-10 00:00:00.000000,06,15,16,19,27,30,06 15 16 19 27 30,17952978000,0
616,9,#00009,07/08/2016,2016-08-07 00:00:00.000000,03,05,17,22,30,31,03 05 17 22 30 31,17164580000,0
617,8,#00008,05/08/2016,2016-08-05 00:00:00.000000,03,09,13,18,24,31,03 09 13 18 24 31,16409266000,0
618,7,#00007,03/08/2016,2016-08-03 00:00:00.000000,07,10,25,27,29,40,07 10 25 27 29 40,15791342500,0
619,6,#00006,31/07/2016,2016-07-31 00:00:00.000000,02,06,19,21,35,39,02 06 19 21 35 39,15121387000,0
620,5,#00005,29/07/2016,2016-07-29 00:00:00.000000,03,08,13,20,30,36,03 08 13 20 30 36,14565346500,0
621,4,#00004,27/07/2016,2016-07-27 00:00:00.000000,14,17,21,25,31,37,14 17 21 25 31 37,13942033000,0
622,3,#00003,24/07/2016,2016-07-24 00:00:00.000000,01,10,16,18,23,38,01 10 16 18 23 38,13271044500,0
623,2,#00002,22/07/2016,2016-07-22 00:00:00.000000,03,04,14,20,25,35,03 04 14 20 25 35,12858704500,0
624,1,#00001,20/07/2016,2016-07-20 00:00:00.000000,02,17,33,37,38,45,02 17 33 37 38 45,12357724500,0
